--Populate the tables with realistic mock data using INSERT statements use variations of the data, it is test data so generate about 100 statements for each table and put it in the separate file
--generate statements with data instead of random generation

BEGIN;

-- Ensure a clean slate and restart identities so explicit IDs can be inserted safely.
TRUNCATE TABLE tasks, projects, users RESTART IDENTITY CASCADE;

-- Insert 100 explicit users
INSERT INTO users (id, username, email, full_name, created_at) VALUES
(1, 'user001', 'user001@example.com', 'Alice Smith', '2024-01-01 09:00:00+00'),
(2, 'user002', 'user002@example.com', 'Bob Johnson', '2024-01-02 09:10:00+00'),
(3, 'user003', 'user003@example.com', 'Carol Williams', '2024-01-03 09:20:00+00'),
(4, 'user004', 'user004@example.com', 'David Brown', '2024-01-04 09:30:00+00'),
(5, 'user005', 'user005@example.com', 'Eve Jones', '2024-01-05 09:40:00+00'),
(6, 'user006', 'user006@example.com', 'Frank Miller', '2024-01-06 09:50:00+00'),
(7, 'user007', 'user007@example.com', 'Grace Davis', '2024-01-07 10:00:00+00'),
(8, 'user008', 'user008@example.com', 'Heidi Garcia', '2024-01-08 10:10:00+00'),
(9, 'user009', 'user009@example.com', 'Ivan Rodriguez', '2024-01-09 10:20:00+00'),
(10, 'user010', 'user010@example.com', 'Judy Wilson', '2024-01-10 10:30:00+00'),
(11, 'user011', 'user011@example.com', 'Karen Martinez', '2024-01-11 10:40:00+00'),
(12, 'user012', 'user012@example.com', 'Louis Anderson', '2024-01-12 10:50:00+00'),
(13, 'user013', 'user013@example.com', 'Mike Taylor', '2024-01-13 11:00:00+00'),
(14, 'user014', 'user014@example.com', 'Nina Thomas', '2024-01-14 11:10:00+00'),
(15, 'user015', 'user015@example.com', 'Omar Lee', '2024-01-15 11:20:00+00'),
(16, 'user016', 'user016@example.com', 'Pia White', '2024-01-16 11:30:00+00'),
(17, 'user017', 'user017@example.com', 'Quinn Harris', '2024-01-17 11:40:00+00'),
(18, 'user018', 'user018@example.com', 'Rachel Martin', '2024-01-18 11:50:00+00'),
(19, 'user019', 'user019@example.com', 'Sam Thompson', '2024-01-19 12:00:00+00'),
(20, 'user020', 'user020@example.com', 'Tina Robinson', '2024-01-20 12:10:00+00'),
(21, 'user021', 'user021@example.com', 'Alice Smith', '2024-01-21 12:20:00+00'),
(22, 'user022', 'user022@example.com', 'Bob Johnson', '2024-01-22 12:30:00+00'),
(23, 'user023', 'user023@example.com', 'Carol Williams', '2024-01-23 12:40:00+00'),
(24, 'user024', 'user024@example.com', 'David Brown', '2024-01-24 12:50:00+00'),
(25, 'user025', 'user025@example.com', 'Eve Jones', '2024-01-25 13:00:00+00'),
(26, 'user026', 'user026@example.com', 'Frank Miller', '2024-01-26 13:10:00+00'),
(27, 'user027', 'user027@example.com', 'Grace Davis', '2024-01-27 13:20:00+00'),
(28, 'user028', 'user028@example.com', 'Heidi Garcia', '2024-01-28 13:30:00+00'),
(29, 'user029', 'user029@example.com', 'Ivan Rodriguez', '2024-01-29 13:40:00+00'),
(30, 'user030', 'user030@example.com', 'Judy Wilson', '2024-01-30 13:50:00+00'),
(31, 'user031', 'user031@example.com', 'Karen Martinez', '2024-01-31 14:00:00+00'),
(32, 'user032', 'user032@example.com', 'Louis Anderson', '2024-02-01 14:10:00+00'),
(33, 'user033', 'user033@example.com', 'Mike Taylor', '2024-02-02 14:20:00+00'),
(34, 'user034', 'user034@example.com', 'Nina Thomas', '2024-02-03 14:30:00+00'),
(35, 'user035', 'user035@example.com', 'Omar Lee', '2024-02-04 14:40:00+00'),
(36, 'user036', 'user036@example.com', 'Pia White', '2024-02-05 14:50:00+00'),
(37, 'user037', 'user037@example.com', 'Quinn Harris', '2024-02-06 15:00:00+00'),
(38, 'user038', 'user038@example.com', 'Rachel Martin', '2024-02-07 15:10:00+00'),
(39, 'user039', 'user039@example.com', 'Sam Thompson', '2024-02-08 15:20:00+00'),
(40, 'user040', 'user040@example.com', 'Tina Robinson', '2024-02-09 15:30:00+00'),
(41, 'user041', 'user041@example.com', 'Alice Smith', '2024-02-10 15:40:00+00'),
(42, 'user042', 'user042@example.com', 'Bob Johnson', '2024-02-11 15:50:00+00'),
(43, 'user043', 'user043@example.com', 'Carol Williams', '2024-02-12 16:00:00+00'),
(44, 'user044', 'user044@example.com', 'David Brown', '2024-02-13 16:10:00+00'),
(45, 'user045', 'user045@example.com', 'Eve Jones', '2024-02-14 16:20:00+00'),
(46, 'user046', 'user046@example.com', 'Frank Miller', '2024-02-15 16:30:00+00'),
(47, 'user047', 'user047@example.com', 'Grace Davis', '2024-02-16 16:40:00+00'),
(48, 'user048', 'user048@example.com', 'Heidi Garcia', '2024-02-17 16:50:00+00'),
(49, 'user049', 'user049@example.com', 'Ivan Rodriguez', '2024-02-18 17:00:00+00'),
(50, 'user050', 'user050@example.com', 'Judy Wilson', '2024-02-19 17:10:00+00'),
(51, 'user051', 'user051@example.com', 'Karen Martinez', '2024-02-20 17:20:00+00'),
(52, 'user052', 'user052@example.com', 'Louis Anderson', '2024-02-21 17:30:00+00'),
(53, 'user053', 'user053@example.com', 'Mike Taylor', '2024-02-22 17:40:00+00'),
(54, 'user054', 'user054@example.com', 'Nina Thomas', '2024-02-23 17:50:00+00'),
(55, 'user055', 'user055@example.com', 'Omar Lee', '2024-02-24 18:00:00+00'),
(56, 'user056', 'user056@example.com', 'Pia White', '2024-02-25 18:10:00+00'),
(57, 'user057', 'user057@example.com', 'Quinn Harris', '2024-02-26 18:20:00+00'),
(58, 'user058', 'user058@example.com', 'Rachel Martin', '2024-02-27 18:30:00+00'),
(59, 'user059', 'user059@example.com', 'Sam Thompson', '2024-02-28 18:40:00+00'),
(60, 'user060', 'user060@example.com', 'Tina Robinson', '2024-02-29 18:50:00+00'),
(61, 'user061', 'user061@example.com', 'Alice Smith', '2024-03-01 19:00:00+00'),
(62, 'user062', 'user062@example.com', 'Bob Johnson', '2024-03-02 19:10:00+00'),
(63, 'user063', 'user063@example.com', 'Carol Williams', '2024-03-03 19:20:00+00'),
(64, 'user064', 'user064@example.com', 'David Brown', '2024-03-04 19:30:00+00'),
(65, 'user065', 'user065@example.com', 'Eve Jones', '2024-03-05 19:40:00+00'),
(66, 'user066', 'user066@example.com', 'Frank Miller', '2024-03-06 19:50:00+00'),
(67, 'user067', 'user067@example.com', 'Grace Davis', '2024-03-07 20:00:00+00'),
(68, 'user068', 'user068@example.com', 'Heidi Garcia', '2024-03-08 20:10:00+00'),
(69, 'user069', 'user069@example.com', 'Ivan Rodriguez', '2024-03-09 20:20:00+00'),
(70, 'user070', 'user070@example.com', 'Judy Wilson', '2024-03-10 20:30:00+00'),
(71, 'user071', 'user071@example.com', 'Karen Martinez', '2024-03-11 20:40:00+00'),
(72, 'user072', 'user072@example.com', 'Louis Anderson', '2024-03-12 20:50:00+00'),
(73, 'user073', 'user073@example.com', 'Mike Taylor', '2024-03-13 21:00:00+00'),
(74, 'user074', 'user074@example.com', 'Nina Thomas', '2024-03-14 21:10:00+00'),
(75, 'user075', 'user075@example.com', 'Omar Lee', '2024-03-15 21:20:00+00'),
(76, 'user076', 'user076@example.com', 'Pia White', '2024-03-16 21:30:00+00'),
(77, 'user077', 'user077@example.com', 'Quinn Harris', '2024-03-17 21:40:00+00'),
(78, 'user078', 'user078@example.com', 'Rachel Martin', '2024-03-18 21:50:00+00'),
(79, 'user079', 'user079@example.com', 'Sam Thompson', '2024-03-19 22:00:00+00'),
(80, 'user080', 'user080@example.com', 'Tina Robinson', '2024-03-20 22:10:00+00'),
(81, 'user081', 'user081@example.com', 'Alice Smith', '2024-03-21 22:20:00+00'),
(82, 'user082', 'user082@example.com', 'Bob Johnson', '2024-03-22 22:30:00+00'),
(83, 'user083', 'user083@example.com', 'Carol Williams', '2024-03-23 22:40:00+00'),
(84, 'user084', 'user084@example.com', 'David Brown', '2024-03-24 22:50:00+00'),
(85, 'user085', 'user085@example.com', 'Eve Jones', '2024-03-25 23:00:00+00'),
(86, 'user086', 'user086@example.com', 'Frank Miller', '2024-03-26 23:10:00+00'),
(87, 'user087', 'user087@example.com', 'Grace Davis', '2024-03-27 23:20:00+00'),
(88, 'user088', 'user088@example.com', 'Heidi Garcia', '2024-03-28 23:30:00+00'),
(89, 'user089', 'user089@example.com', 'Ivan Rodriguez', '2024-03-29 23:40:00+00'),
(90, 'user090', 'user090@example.com', 'Judy Wilson', '2024-03-30 23:50:00+00'),
(91, 'user091', 'user091@example.com', 'Karen Martinez', '2024-03-31 23:59:00+00'),
(92, 'user092', 'user092@example.com', 'Louis Anderson', '2024-04-01 08:00:00+00'),
(93, 'user093', 'user093@example.com', 'Mike Taylor', '2024-04-02 08:10:00+00'),
(94, 'user094', 'user094@example.com', 'Nina Thomas', '2024-04-03 08:20:00+00'),
(95, 'user095', 'user095@example.com', 'Omar Lee', '2024-04-04 08:30:00+00'),
(96, 'user096', 'user096@example.com', 'Pia White', '2024-04-05 08:40:00+00'),
(97, 'user097', 'user097@example.com', 'Quinn Harris', '2024-04-06 08:50:00+00'),
(98, 'user098', 'user098@example.com', 'Rachel Martin', '2024-04-07 09:00:00+00'),
(99, 'user099', 'user099@example.com', 'Sam Thompson', '2024-04-08 09:10:00+00'),
(100, 'user100', 'user100@example.com', 'Tina Robinson', '2024-04-09 09:20:00+00')
;

-- Put users sequence in sync (safe if table is empty or populated)
SELECT setval(pg_get_serial_sequence('users','id'), (SELECT COALESCE(MAX(id), 1) FROM users));

-- Insert 100 explicit projects, owner_id references users 1..100
INSERT INTO projects (id, name, description, owner_id, created_at) VALUES
(1, 'Project 001 - Web Platform', 'Web platform for internal tools', 1, '2024-02-01 10:00:00+00'),
(2, 'Project 002 - Mobile App', 'Cross-platform mobile app', 2, '2024-02-02 10:05:00+00'),
(3, 'Project 003 - API Gateway', 'Public API gateway', 3, '2024-02-03 10:10:00+00'),
(4, 'Project 004 - Analytics', 'Data analytics pipelines', 4, '2024-02-04 10:15:00+00'),
(5, 'Project 005 - Infra Automation', 'Infrastructure as code and automation', 5, '2024-02-05 10:20:00+00'),
(6, 'Project 006 - ML Models', 'Machine learning experiments', 6, '2024-02-06 10:25:00+00'),
(7, 'Project 007 - Security Audit', 'Security assessments and fixes', 7, '2024-02-07 10:30:00+00'),
(8, 'Project 008 - UX Redesign', 'User experience and UI refresh', 8, '2024-02-08 10:35:00+00'),
(9, 'Project 009 - Data Warehouse', 'Centralized data storage', 9, '2024-02-09 10:40:00+00'),
(10, 'Project 010 - Admin Tools', 'Internal admin tooling', 10, '2024-02-10 10:45:00+00'),
(11, 'Project 011 - Mobile Payments', 'Payment integration on mobile', 11, '2024-02-11 10:50:00+00'),
(12, 'Project 012 - Notifications', 'Unified notification service', 12, '2024-02-12 10:55:00+00'),
(13, 'Project 013 - CI/CD', 'Continuous integration pipelines', 13, '2024-02-13 11:00:00+00'),
(14, 'Project 014 - Monitoring', 'Observability and alerts', 14, '2024-02-14 11:05:00+00'),
(15, 'Project 015 - Docs', 'Documentation portal and guides', 15, '2024-02-15 11:10:00+00'),
(16, 'Project 016 - Search', 'Site-wide search infrastructure', 16, '2024-02-16 11:15:00+00'),
(17, 'Project 017 - Chat', 'Realtime chat service', 17, '2024-02-17 11:20:00+00'),
(18, 'Project 018 - Recommendation', 'Recommendation engine', 18, '2024-02-18 11:25:00+00'),
(19, 'Project 019 - Billing', 'Billing and invoicing', 19, '2024-02-19 11:30:00+00'),
(20, 'Project 020 - Onboarding', 'User onboarding flows', 20, '2024-02-20 11:35:00+00'),
(21, 'Project 021 - Analytics UI', 'Front-end for analytics', 21, '2024-02-21 11:40:00+00'),
(22, 'Project 022 - Internal API', 'Internal microservices API', 22, '2024-02-22 11:45:00+00'),
(23, 'Project 023 - CI Improvements', 'Speed up CI runs', 23, '2024-02-23 11:50:00+00'),
(24, 'Project 024 - GDPR Compliance', 'Privacy and compliance work', 24, '2024-02-24 11:55:00+00'),
(25, 'Project 025 - Performance', 'Performance tuning and profiling', 25, '2024-02-25 12:00:00+00'),
(26, 'Project 026 - Mobile UX', 'Mobile UX polish', 26, '2024-02-26 12:05:00+00'),
(27, 'Project 027 - CDN Migration', 'Move assets to CDN', 27, '2024-02-27 12:10:00+00'),
(28, 'Project 028 - Feature Flags', ' rollout and management', 28, '2024-02-28 12:15:00+00'),
(29, 'Project 029 - Search Relevance', 'Improve search relevance', 29, '2024-02-29 12:20:00+00'),
(30, 'Project 030 - Data ETL', 'ETL pipelines for reporting', 30, '2024-03-01 12:25:00+00'),
(31, 'Project 031 - Localization', 'Multi-language support', 31, '2024-03-02 12:30:00+00'),
(32, 'Project 032 - Backup', 'Backup and restore', 32, '2024-03-03 12:35:00+00'),
(33, 'Project 033 - A/B Testing', 'Experimentation platform', 33, '2024-03-04 12:40:00+00'),
(34, 'Project 034 - Logging', 'Centralized logging', 34, '2024-03-05 12:45:00+00'),
(35, 'Project 035 - Mobile Payments 2', 'Expand payment options', 35, '2024-03-06 12:50:00+00'),
(36, 'Project 036 - Customer Portal', 'Self-service portal', 36, '2024-03-07 12:55:00+00'),
(37, 'Project 037 - SSO', 'Single sign-on integration', 37, '2024-03-08 13:00:00+00'),
(38, 'Project 038 - Image Service', 'Image processing pipeline', 38, '2024-03-09 13:05:00+00'),
(39, 'Project 039 - GraphQL', 'GraphQL gateway', 39, '2024-03-10 13:10:00+00'),
(40, 'Project 040 - Accessibility', 'A11y improvements', 40, '2024-03-11 13:15:00+00'),
(41, 'Project 041 - Docs Search', 'Search for docs', 41, '2024-03-12 13:20:00+00'),
(42, 'Project 042 - Payments Backend', 'Refactor billing backend', 42, '2024-03-13 13:25:00+00'),
(43, 'Project 043 - Schema Registry', 'Data schema management', 43, '2024-03-14 13:30:00+00'),
(44, 'Project 044 - Security Patches', 'Apply critical patches', 44, '2024-03-15 13:35:00+00'),
(45, 'Project 045 - Integrations', 'Third-party integrations', 45, '2024-03-16 13:40:00+00'),
(46, 'Project 046 - Feature A', 'New major feature A', 46, '2024-03-17 13:45:00+00'),
(47, 'Project 047 - Feature B', 'New major feature B', 47, '2024-03-18 13:50:00+00'),
(48, 'Project 048 - Oncall Tooling', 'Tools for oncall', 48, '2024-03-19 13:55:00+00'),
(49, 'Project 049 - Data Catalog', 'Metadata catalog', 49, '2024-03-20 14:00:00+00'),
(50, 'Project 050 - Billing V2', 'Billing improvements', 50, '2024-03-21 14:05:00+00'),
(51, 'Project 051 - Chat Ops', 'Chat-based operations', 51, '2024-03-22 14:10:00+00'),
(52, 'Project 052 - Exporter', 'Data export features', 52, '2024-03-23 14:15:00+00'),
(53, 'Project 053 - Importer', 'Data import tooling', 53, '2024-03-24 14:20:00+00'),
(54, 'Project 054 - Cost Monitoring', 'Monitor infra costs', 54, '2024-03-25 14:25:00+00'),
(55, 'Project 055 - Marketplace', 'Third-party marketplace', 55, '2024-03-26 14:30:00+00'),
(56, 'Project 056 - Reporting', 'Business reporting', 56, '2024-03-27 14:35:00+00'),
(57, 'Project 057 - Experiment Framework', 'Internal experiments', 57, '2024-03-28 14:40:00+00'),
(58, 'Project 058 - Notifications V2', 'Improved notification routing', 58, '2024-03-29 14:45:00+00'),
(59, 'Project 059 - Search Index', 'Indexing improvements', 59, '2024-03-30 14:50:00+00'),
(60, 'Project 060 - Feature C', 'Incremental feature C', 60, '2024-03-31 14:55:00+00'),
(61, 'Project 061 - Mobile Perf', 'Mobile performance work', 61, '2024-04-01 15:00:00+00'),
(62, 'Project 062 - Data Sync', 'Sync between services', 62, '2024-04-02 15:05:00+00'),
(63, 'Project 063 - Alerts', 'Alerting rules and tuning', 63, '2024-04-03 15:10:00+00'),
(64, 'Project 064 - API Docs', 'API documentation site', 64, '2024-04-04 15:15:00+00'),
(65, 'Project 065 - Retention', 'Data retention policies', 65, '2024-04-05 15:20:00+00'),
(66, 'Project 066 - Onboarding Mail', 'Welcome email flows', 66, '2024-04-06 15:25:00+00'),
(67, 'Project 067 - Load Testing', 'Scale tests and fixes', 67, '2024-04-07 15:30:00+00'),
(68, 'Project 068 - Dev Portal', 'Developer portal', 68, '2024-04-08 15:35:00+00'),
(69, 'Project 069 - Image CDN', 'Image CDN migration', 69, '2024-04-09 15:40:00+00'),
(70, 'Project 070 - Billing Reports', 'Billing analytics', 70, '2024-04-10 15:45:00+00'),
(71, 'Project 071 - Customer Feedback', 'Collect feedback', 71, '2024-04-11 15:50:00+00'),
(72, 'Project 072 - Dev Experience', 'Tooling for devs', 72, '2024-04-12 15:55:00+00'),
(73, 'Project 073 - Content API', 'Serve content to clients', 73, '2024-04-13 16:00:00+00'),
(74, 'Project 074 - Security Infra', 'Security infrastructure', 74, '2024-04-14 16:05:00+00'),
(75, 'Project 075 - Web Perf', 'Frontend performance', 75, '2024-04-15 16:10:00+00'),
(76, 'Project 076 - Partner Integrations', 'Partner APIs', 76, '2024-04-16 16:15:00+00'),
(77, 'Project 077 - Billing Audit', 'Audit trails', 77, '2024-04-17 16:20:00+00'),
(78, 'Project 078 - Feature Flags 2', 'Advanced flags', 78, '2024-04-18 16:25:00+00'),
(79, 'Project 079 - Legal Requests', 'Manage legal data requests', 79, '2024-04-19 16:30:00+00'),
(80, 'Project 080 - Internal Search', 'Search for internal tools', 80, '2024-04-20 16:35:00+00'),
(81, 'Project 081 - Mobile QA', 'QA for mobile releases', 81, '2024-04-21 16:40:00+00'),
(82, 'Project 082 - Data Privacy', 'Privacy tooling', 82, '2024-04-22 16:45:00+00'),
(83, 'Project 083 - User Roles', 'RBAC and permissions', 83, '2024-04-23 16:50:00+00'),
(84, 'Project 084 - SDKs', 'Client SDKs', 84, '2024-04-24 16:55:00+00'),
(85, 'Project 085 - Internationalization', 'i18n efforts', 85, '2024-04-25 17:00:00+00'),
(86, 'Project 086 - Monitoring V2', 'Next-gen observability', 86, '2024-04-26 17:05:00+00'),
(87, 'Project 087 - Data Privacy 2', 'Privacy enhancements', 87, '2024-04-27 17:10:00+00'),
(88, 'Project 088 - Release Tools', 'Release orchestration', 88, '2024-04-28 17:15:00+00'),
(89, 'Project 089 - Mobile Payments 3', 'Payments expansion', 89, '2024-04-29 17:20:00+00'),
(90, 'Project 090 - Performance 2', 'Deeper profiling', 90, '2024-04-30 17:25:00+00'),
(91, 'Project 091 - Accessibility 2', 'More a11y work', 91, '2024-05-01 17:30:00+00'),
(92, 'Project 092 - Internal Tools 2', 'Admin improvements', 92, '2024-05-02 17:35:00+00'),
(93, 'Project 093 - Data Mesh', 'Data ownership model', 93, '2024-05-03 17:40:00+00'),
(94, 'Project 094 - Cost Optimization', 'Reduce infra costs', 94, '2024-05-04 17:45:00+00'),
(95, 'Project 095 - Image Processing 2', 'Optimize image pipeline', 95, '2024-05-05 17:50:00+00'),
(96, 'Project 096 - Notifications 3', 'Notification improvements', 96, '2024-05-06 17:55:00+00'),
(97, 'Project 097 - Search 2', 'Search infrastructure upgrades', 97, '2024-05-07 18:00:00+00'),
(98, 'Project 098 - Docs 2', 'Docs rewrite', 98, '2024-05-08 18:05:00+00'),
(99, 'Project 099 - Experimentation 2', 'Advanced experiments', 99, '2024-05-09 18:10:00+00'),
(100, 'Project 100 - End-to-end', 'Cross-team initiatives', 100, '2024-05-10 18:15:00+00')
;

-- Put projects sequence in sync
SELECT setval(pg_get_serial_sequence('projects','id'), (SELECT COALESCE(MAX(id), 1) FROM projects));

-- Insert 100 explicit tasks; some tasks have NULL assignee_id to represent unassigned work.
INSERT INTO tasks (id, project_id, title, description, status, priority, assignee_id, due_date, created_at) VALUES
(1, 1, 'Task 001 - Implement login', 'Implement user login flow and validations', 'todo', 3, 2, '2024-06-01', '2024-02-05 09:00:00+00'),
(2, 2, 'Task 002 - Design onboarding', 'Wireframes and prototypes for onboarding', 'in_progress', 2, 5, '2024-06-05', '2024-02-06 09:10:00+00'),
(3, 3, 'Task 003 - API auth', 'Add token-based authentication', 'todo', 4, 3, '2024-06-10', '2024-02-07 09:20:00+00'),
(4, 4, 'Task 004 - Analytics events', 'Define analytics event schema', 'done', 3, 4, '2024-06-11', '2024-02-08 09:30:00+00'),
(5, 5, 'Task 005 - Infra IaC', 'Add terraform modules', 'in_progress', 2, 6, '2024-06-12', '2024-02-09 09:40:00+00'),
(6, 6, 'Task 006 - Train model', 'Initial model training and baseline', 'todo', 5, 7, '2024-06-15', '2024-02-10 09:50:00+00'),
(7, 7, 'Task 007 - Security scan', 'Run security scanning and fix findings', 'blocked', 1, NULL, '2024-06-20', '2024-02-11 10:00:00+00'),
(8, 8, 'Task 008 - UI polish', 'Polish header and navigation', 'in_progress', 4, 8, '2024-06-21', '2024-02-12 10:10:00+00'),
(9, 9, 'Task 009 - Warehouse schema', 'Design star schema for reporting', 'todo', 3, 9, '2024-06-22', '2024-02-13 10:20:00+00'),
(10, 10, 'Task 010 - Admin login', 'Admin area authentication', 'done', 2, 10, '2024-06-25', '2024-02-14 10:30:00+00'),
(11, 11, 'Task 011 - Mobile payment flow', 'Integrate payment SDK', 'in_progress', 4, 11, '2024-06-26', '2024-02-15 10:40:00+00'),
(12, 12, 'Task 012 - Push notifications', 'Push and email notification templates', 'todo', 3, 12, '2024-06-27', '2024-02-16 10:50:00+00'),
(13, 13, 'Task 013 - Speed up CI', 'Parallelize test suites', 'in_progress', 2, 13, '2024-06-28', '2024-02-17 11:00:00+00'),
(14, 14, 'Task 014 - Alert rules', 'Tune alert thresholds', 'todo', 3, 14, '2024-06-30', '2024-02-18 11:10:00+00'),
(15, 15, 'Task 015 - Docs landing', 'Create docs homepage and search', 'done', 2, 15, '2024-07-01', '2024-02-19 11:20:00+00'),
(16, 16, 'Task 016 - Search index', 'Implement initial indexing', 'in_progress', 5, 16, '2024-07-02', '2024-02-20 11:30:00+00'),
(17, 17, 'Task 017 - Chat backend', 'Realtime message delivery', 'todo', 4, 17, '2024-07-03', '2024-02-21 11:40:00+00'),
(18, 18, 'Task 018 - Recommendation baseline', 'Set up baseline recommendation', 'done', 3, 18, '2024-07-04', '2024-02-22 11:50:00+00'),
(19, 19, 'Task 019 - Billing test coverage', 'Add tests for billing flows', 'in_progress', 2, 19, '2024-07-05', '2024-02-23 12:00:00+00'),
(20, 20, 'Task 020 - Onboarding emails', 'Email flows for new users', 'todo', 3, 20, '2024-07-06', '2024-02-24 12:10:00+00'),
(21, 21, 'Task 021 - Analytics dashboard', 'Create dashboard for key metrics', 'in_progress', 3, 21, '2024-07-07', '2024-02-25 12:20:00+00'),
(22, 22, 'Task 022 - Internal API versioning', 'Add versioning to internal APIs', 'todo', 2, 22, '2024-07-08', '2024-02-26 12:30:00+00'),
(23, 23, 'Task 023 - CI cache', 'Cache dependencies in CI', 'done', 1, 23, '2024-07-09', '2024-02-27 12:40:00+00'),
(24, 24, 'Task 024 - Privacy policy update', 'Update privacy docs for GDPR', 'in_progress', 2, 24, '2024-07-10', '2024-02-28 12:50:00+00'),
(25, 25, 'Task 025 - Perf profiling', 'Profile slow endpoints', 'todo', 4, 25, '2024-07-11', '2024-02-29 13:00:00+00'),
(26, 26, 'Task 026 - Mobile accessibility', 'Improve mobile a11y', 'in_progress', 3, 26, '2024-07-12', '2024-03-01 13:10:00+00'),
(27, 27, 'Task 027 - CDN config', 'Configure CDN rules and TTLs', 'todo', 2, 27, '2024-07-13', '2024-03-02 13:20:00+00'),
(28, 28, 'Task 028 - Flags dashboard', 'Internal flag management UI', 'done', 3, 28, '2024-07-14', '2024-03-03 13:30:00+00'),
(29, 29, 'Task 029 - Search tuning', 'Adjust weights and synonyms', 'in_progress', 4, 29, '2024-07-15', '2024-03-04 13:40:00+00'),
(30, 30, 'Task 030 - ETL failure handling', 'Retry and dead-letter handling', 'todo', 5, 30, '2024-07-16', '2024-03-05 13:50:00+00'),
(31, 31, 'Task 031 - I18n strings', 'Add translations for UI', 'todo', 2, 31, '2024-07-20', '2024-03-06 14:00:00+00'),
(32, 32, 'Task 032 - Backup tests', 'Verify restore from backup', 'in_progress', 3, 32, '2024-07-21', '2024-03-07 14:10:00+00'),
(33, 33, 'Task 033 - Experiment tracking', 'Store experiment metadata', 'done', 2, 33, '2024-07-22', '2024-03-08 14:20:00+00'),
(34, 34, 'Task 034 - Logging retention', 'Set retention and export', 'todo', 3, 34, '2024-07-23', '2024-03-09 14:30:00+00'),
(35, 35, 'Task 035 - Payment reconciliation', 'Daily reconciliation job', 'in_progress', 4, 35, '2024-07-24', '2024-03-10 14:40:00+00'),
(36, 36, 'Task 036 - Customer onboarding flow', 'Self-service onboarding steps', 'todo', 3, 36, '2024-07-25', '2024-03-11 14:50:00+00'),
(37, 37, 'Task 037 - SSO compliance', 'Add SAML and OIDC', 'done', 2, 37, '2024-07-26', '2024-03-12 15:00:00+00'),
(38, 38, 'Task 038 - Image resizing', 'Serve optimized thumbnails', 'in_progress', 4, 38, '2024-07-27', '2024-03-13 15:10:00+00'),
(39, 39, 'Task 039 - GraphQL schema', 'Define schema for queries', 'todo', 3, 39, '2024-07-28', '2024-03-14 15:20:00+00'),
(40, 40, 'Task 040 - A11y fixes', 'Contrast and keyboard nav', 'in_progress', 2, 40, '2024-07-29', '2024-03-15 15:30:00+00'),
(41, 41, 'Task 041 - Docs search improvements', 'Better index and faceting', 'todo', 3, 41, '2024-07-30', '2024-03-16 15:40:00+00'),
(42, 42, 'Task 042 - Billing schema', 'Normalize billing tables', 'done', 4, 42, '2024-08-01', '2024-03-17 15:50:00+00'),
(43, 43, 'Task 043 - Schema registry setup', 'Deploy registry service', 'in_progress', 3, 43, '2024-08-02', '2024-03-18 16:00:00+00'),
(44, 44, 'Task 044 - Patch servers', 'Apply security patches', 'todo', 1, 44, '2024-08-03', '2024-03-19 16:10:00+00'),
(45, 45, 'Task 045 - Integrate partner A', 'Partner A API integration', 'done', 2, 45, '2024-08-04', '2024-03-20 16:20:00+00'),
(46, 46, 'Task 046 - Feature A rollout', 'Canary release of feature A', 'in_progress', 3, 46, '2024-08-05', '2024-03-21 16:30:00+00'),
(47, 47, 'Task 047 - Feature B tests', 'End-to-end tests for feature B', 'todo', 4, 47, '2024-08-06', '2024-03-22 16:40:00+00'),
(48, 48, 'Task 048 - Oncall handbook', 'Document oncall runbook', 'done', 2, 48, '2024-08-07', '2024-03-23 16:50:00+00'),
(49, 49, 'Task 049 - Data catalog UI', 'UI for data ownership', 'in_progress', 3, 49, '2024-08-08', '2024-03-24 17:00:00+00'),
(50, 50, 'Task 050 - Billing v2 migration', 'Migrate users to billing v2', 'todo', 5, 50, '2024-08-09', '2024-03-25 17:10:00+00'),
(51, 51, 'Task 051 - Chat ops automation', 'Automate common chat ops', 'in_progress', 3, 51, '2024-08-10', '2024-03-26 17:20:00+00'),
(52, 52, 'Task 052 - Export CSV', 'Export large CSV reliably', 'todo', 3, 52, '2024-08-11', '2024-03-27 17:30:00+00'),
(53, 53, 'Task 053 - Import validation', 'Schema validation on import', 'done', 2, 53, '2024-08-12', '2024-03-28 17:40:00+00'),
(54, 54, 'Task 054 - Cost alerts', 'Alert when cost spikes', 'in_progress', 4, 54, '2024-08-13', '2024-03-29 17:50:00+00'),
(55, 55, 'Task 055 - Marketplace onboarding', 'Onboard first partners', 'todo', 3, 55, '2024-08-14', '2024-03-30 18:00:00+00'),
(56, 56, 'Task 056 - Reporting dashboards', 'Key business metrics', 'done', 2, 56, '2024-08-15', '2024-03-31 18:10:00+00'),
(57, 57, 'Task 057 - Experiment metrics', 'Collect experiment metrics', 'in_progress', 3, 57, '2024-08-16', '2024-04-01 18:20:00+00'),
(58, 58, 'Task 058 - Notify routing', 'Route notifications by preference', 'todo', 2, 58, '2024-08-17', '2024-04-02 18:30:00+00'),
(59, 59, 'Task 059 - Index rebuild', 'Rebuild search indices', 'in_progress', 4, 59, '2024-08-18', '2024-04-03 18:40:00+00'),
(60, 60, 'Task 060 - Feature C docs', 'Docs for feature C', 'todo', 3, 60, '2024-08-19', '2024-04-04 18:50:00+00'),
(61, 61, 'Task 061 - Mobile perf tests', 'Run benchmarks on devices', 'done', 4, 61, '2024-08-20', '2024-04-05 19:00:00+00'),
(62, 62, 'Task 062 - Sync reliability', 'Retry and idempotency', 'in_progress', 5, 62, '2024-08-21', '2024-04-06 19:10:00+00'),
(63, 63, 'Task 063 - Alert noise reduction', 'Reduce false positives', 'todo', 2, NULL, '2024-08-22', '2024-04-07 19:20:00+00'),
(64, 64, 'Task 064 - API docs cleanup', 'Improve examples and guides', 'in_progress', 3, 64, '2024-08-23', '2024-04-08 19:30:00+00'),
(65, 65, 'Task 065 - Retention policy', 'Implement data TTLs', 'todo', 4, 65, '2024-08-24', '2024-04-09 19:40:00+00'),
(66, 66, 'Task 066 - Welcome emails', 'Personalized welcome flow', 'in_progress', 3, 66, '2024-08-25', '2024-04-10 19:50:00+00'),
(67, 67, 'Task 067 - Load test 1', 'Simulate 10k users', 'blocked', 5, NULL, '2024-08-26', '2024-04-11 20:00:00+00'),
(68, 68, 'Task 068 - Developer portal', 'Single place for developer docs', 'todo', 2, 68, '2024-08-27', '2024-04-12 20:10:00+00'),
(69, 69, 'Task 069 - CDN switch', 'Cutover to CDN provider', 'in_progress', 4, 69, '2024-08-28', '2024-04-13 20:20:00+00'),
(70, 70, 'Task 070 - Billing reports', 'Monthly billing reports', 'todo', 3, 70, '2024-08-29', '2024-04-14 20:30:00+00'),
(71, 71, 'Task 071 - Feedback form', 'Collect in-app feedback', 'in_progress', 2, 71, '2024-08-30', '2024-04-15 20:40:00+00'),
(72, 72, 'Task 072 - Dev tooling', 'Improve local dev experience', 'todo', 3, 72, '2024-08-31', '2024-04-16 20:50:00+00'),
(73, 73, 'Task 073 - Content API pagination', 'Add pagination and filters', 'done', 4, 73, '2024-09-01', '2024-04-17 21:00:00+00'),
(74, 74, 'Task 074 - Security infra hardening', 'Harden network policies', 'in_progress', 5, 74, '2024-09-02', '2024-04-18 21:10:00+00'),
(75, 75, 'Task 075 - Web perf audit', 'Audit and action plan', 'todo', 3, 75, '2024-09-03', '2024-04-19 21:20:00+00'),
(76, 76, 'Task 076 - Partner API tests', 'Integration tests for partners', 'in_progress', 2, 76, '2024-09-04', '2024-04-20 21:30:00+00'),
(77, 77, 'Task 077 - Billing audit logs', 'Expose audit logs for billing', 'todo', 4, 77, '2024-09-05', '2024-04-21 21:40:00+00'),
(78, 78, 'Task 078 - Flags rollout plan', 'Plan progressive rollout', 'done', 3, 78, '2024-09-06', '2024-04-22 21:50:00+00'),
(79, 79, 'Task 079 - Legal requests handling', 'Workflow for data requests', 'in_progress', 2, 79, '2024-09-07', '2024-04-23 22:00:00+00'),
(80, 80, 'Task 080 - Internal search UI', 'Search for internal tools', 'todo', 3, 80, '2024-09-08', '2024-04-24 22:10:00+00'),
(81, 81, 'Task 081 - Mobile QA checklist', 'QA checklist and automation', 'done', 2, 81, '2024-09-09', '2024-04-25 22:20:00+00'),
(82, 82, 'Task 082 - Privacy dashboard', 'Dashboard for privacy requests', 'in_progress', 4, 82, '2024-09-10', '2024-04-26 22:30:00+00'),
(83, 83, 'Task 083 - Roles matrix', 'Define role-permission matrix', 'todo', 3, 83, '2024-09-11', '2024-04-27 22:40:00+00'),
(84, 84, 'Task 084 - SDK release', 'Release v1.2 SDKs', 'in_progress', 2, 84, '2024-09-12', '2024-04-28 22:50:00+00'),
(85, 85, 'Task 085 - I18n QA', 'Verify translations', 'todo', 3, 85, '2024-09-13', '2024-04-29 23:00:00+00'),
(86, 86, 'Task 086 - Monitoring dashboards', 'Dashboards for oncall', 'done', 4, 86, '2024-09-14', '2024-04-30 23:10:00+00'),
(87, 87, 'Task 087 - Privacy enhancements', 'Data minimization features', 'in_progress', 3, 87, '2024-09-15', '2024-05-01 23:20:00+00'),
(88, 88, 'Task 088 - Release checklist', 'Automated release checklist', 'todo', 2, 88, '2024-09-16', '2024-05-02 23:30:00+00'),
(89, 89, 'Task 089 - Mobile payments QA', 'End-to-end payment tests', 'in_progress', 4, 89, '2024-09-17', '2024-05-03 23:40:00+00'),
(90, 90, 'Task 090 - Deep profiling', 'CPU and memory profiling', 'todo', 5, 90, '2024-09-18', '2024-05-04 23:50:00+00'),
(91, 91, 'Task 091 - A11y regression', 'Ensure no regressions', 'done', 3, 91, '2024-09-19', '2024-05-05 08:00:00+00'),
(92, 92, 'Task 092 - Admin UX fixes', 'Polish admin UX flows', 'in_progress', 2, 92, '2024-09-20', '2024-05-06 08:10:00+00'),
(93, 93, 'Task 093 - Data mesh docs', 'Document data ownership', 'todo', 3, 93, '2024-09-21', '2024-05-07 08:20:00+00'),
(94, 94, 'Task 094 - Cost dashboards', 'Visualize cost by team', 'in_progress', 4, 94, '2024-09-22', '2024-05-08 08:30:00+00'),
(95, 95, 'Task 095 - Image pipeline tuning', 'Reduce latency for images', 'todo', 3, 95, '2024-09-23', '2024-05-09 08:40:00+00'),
(96, 96, 'Task 096 - Notification retries', 'Retry logic for failed sends', 'in_progress', 2, 96, '2024-09-24', '2024-05-10 08:50:00+00'),
(97, 97, 'Task 097 - Search partitioning', 'Split index for scale', 'todo', 4, 97, '2024-09-25', '2024-05-11 09:00:00+00'),
(98, 98, 'Task 098 - Docs migration', 'Move docs to new platform', 'done', 3, 98, '2024-09-26', '2024-05-12 09:10:00+00'),
(99, 99, 'Task 099 - Experiment rollout', 'Roll out experiment to 10% of users', 'in_progress', 2, 99, '2024-09-27', '2024-05-13 09:20:00+00'),
(100, 100, 'Task 100 - Cross-team kickoff', 'Initial planning and goals', 'todo', 3, NULL, '2024-09-28', '2024-05-14 09:30:00+00')
;

-- Put tasks sequence in sync
SELECT setval(pg_get_serial_sequence('tasks','id'), (SELECT COALESCE(MAX(id), 1) FROM tasks));

COMMIT;
